,city,positive_count,negative_count,main_city_count,average_distance,bad_dist_count
0,Москва,4946,9471,983,,
1,Санкт-Петербург,1445,6557,810,,
2,Самара,133,483,129,,
3,Красноярск,95,269,44,,
4,Воронеж,291,845,193,,
5,Екатеринбург,436,1018,211,,
6,Омск,124,539,70,,
7,Краснодар,117,875,56,,
8,Пенза,125,272,42,,
9,Уфа,77,479,87,,
10,Ярославль,150,326,44,,
11,Волгоград,152,546,102,,
12,Владивосток,56,485,51,,
13,Хабаровск,53,158,18,,
14,Иркутск,66,316,69,,
15,Благовещенск,42,77,31,,
16,Новосибирск,442,846,125,,
17,Кемерово,59,169,19,,
18,Тюмень,169,402,74,,
19,Томск,99,390,75,,
20,Челябинск,112,440,64,,
21,Барнаул,269,274,40,,
22,Нижний Новгород,277,741,75,,
23,Оренбург,46,195,55,,
24,Липецк,41,192,29,,
25,Смоленск,45,125,28,,
26,Саратов,125,312,50,,
27,Казань,633,1304,172,,
28,Ижевск,75,263,20,,
29,Тверь,115,244,76,,
30,Киров,90,175,28,,
31,Владикавказ,7,98,10,,
32,Южно-Сахалинск,22,89,9,,
33,Кызыл,5,14,1,,
34,Грозный,4,110,20,,
35,Мурик,0,0,0,,
36,Чебоксары,81,342,60,,
37,Калининград,109,318,53,,
38,Астрахань,65,124,27,,
39,Петропавловск-Камчатский,12,84,21,,
40,Ханты-Мансийск,6,68,6,,
41,Пермь,127,507,81,,
42,Ростов-на-Дону,126,386,67,,
43,Махачкала,42,390,111,,
44,Сыктывкар,63,96,17,,
45,Ульяновск,456,377,21,,
46,Петрозаводск,108,154,29,,
47,Армавир,7,23,10,,
48,Тула,147,232,59,,
49,Владимир,94,325,90,,
50,Вологда,25,135,24,,
51,Чита,17,99,10,,
52,Магадан,26,53,15,,
53,Курган,23,44,10,,
54,Брянск,10,116,20,,
55,Иваново,19,94,13,,
56,Белгород,54,155,22,,
57,Майкоп,80,163,21,,
58,Псков,42,187,21,,
59,Орёл,24,87,108,,
60,Кострома,22,79,16,,
61,Рязань,37,205,24,,
62,Саранск,16,96,30,,
63,Элиста,5,76,19,,
64,Тамбов,226,202,19,,
65,Ставрополь,64,298,46,,
66,Калуга,37,363,33,,
67,Курск,100,262,47,,
68,Архангельск,231,496,120,,
69,Йошкар-Ола,25,198,25,,
70,Елец,2,25,18,,
71,Выборг,49,114,10,,
72,Якутск,10,32,15,,
73,Улан-Удэ,22,73,10,,
74,Ангарск,49,149,117,,
75,Находка,11,62,38,,
76,Новокузнецк,37,104,29,,
77,Салехард,3,16,13,,
78,Ачинск,2,13,4,,
79,Абакан,214,88,12,,
80,Нижнекамск,31,95,14,,
81,Невинномысск,4,48,13,,
82,Нальчик,25,181,51,,
83,Набережные Челны,359,209,24,,
84,Новокуйбышевск,12,12,3,,
85,Новочеркасск,11,45,4,,
86,Великий Новгород,38,158,21,,
87,Магнитогорск,99,98,98,,
88,Сочи,154,832,41,,
89,Муром,26,63,8,,
90,Рыбинск,35,88,23,,
91,Дзержинск,46,47,6,,
92,Тольятти,275,151,10,,
93,Черкесск,2,33,11,,
94,Череповец,37,115,16,,
95,Таганрог,12,132,10,,
96,Камышин,2,18,3,,
97,Шахты,21,75,6,,
98,Кисловодск,14,99,4,,
99,Анадырь,3,3,4,,
100,Нижневартовск,15,69,7,,
101,Горно-Алтайск,2,20,3,,
102,Ухта,21,42,11,,
103,Биробиджан,3,22,6,,
104,Березники,12,61,9,,
105,Мытищи,60,98,16,,
106,Орехово-Зуево,7,57,6,,
107,Коломна,29,103,8,,
108,Люберцы,91,119,28,,
109,Балашиха,246,334,44,,
110,Химки,66,287,21,,
111,Белово,3,5,6,,
112,Новомосковск,64,49,7,,
113,Салават,4,5,2,,
114,Зеленодольск,18,29,4,,
115,Новороссийск,32,156,20,,
116,Димитровград,27,45,33,,
117,Великие Луки,7,67,39,,
118,Воткинск,0,23,0,,
119,Волгодонск,15,41,5,,
120,Златоуст,2,52,8,,
121,Братск,30,21,13,,
122,Уссурийск,4,58,17,,
123,Норильск,6,34,9,,
124,Миасс,5,71,3,,
125,Междуреченск,8,34,5,,
126,Троицк,29,101,25,,
127,Шадринск,1,16,3,,
128,Серов,2,14,3,,
129,Рубцовск,11,42,27,,
130,Канск,2,11,11,,
131,Бийск,21,23,15,,
132,Бердск,4,31,0,,
133,Северск,7,15,20,,
134,Ковров,12,28,6,,
135,Губкин,10,39,13,,
136,Глазов,31,25,9,,
137,Геленджик,23,209,10,,
138,Нефтекамск,1,31,4,,
139,Назрань,0,3,0,,
140,Обнинск,9,78,5,,
141,Новотроицк,17,46,24,,
142,Орск,9,44,12,,
143,Колпино,7,40,2,,
144,Клинцы,2,11,1,,
145,Пятигорск,19,156,5,,
146,Мичуринск,11,18,0,,
147,Северодвинск,91,113,8,,
148,Саров,35,29,1,,
149,Сарапул,7,38,7,,
150,Бузулук,1,20,7,,
151,Стерлитамак,24,53,15,,
152,Кузнецк,2,30,25,,
153,Балашов,0,9,5,,
154,Балаково,33,31,10,,
155,Азов,2,52,4,,
156,Арзамас,16,45,11,,
157,Кинешма,1,10,1,,
158,Ленинск-Кузнецкий,9,9,5,,
159,Сургут,54,236,40,,
160,Гатчина,34,82,10,,
161,Петергоф,7,56,5,,
162,Новочебоксарск,5,52,16,,
163,Ржев,3,23,7,,
164,Тихвин,9,17,8,,
165,Кирово-Чепецк,0,39,23,,
166,Магас,0,7,1,,
167,Воркута,2,37,12,,
168,Соликамск,20,51,5,,
169,Минеральные Воды,7,49,12,,
170,Дербент,3,39,3,,
171,Воскресенск,12,17,7,,
172,Красногорск,95,191,36,,
173,Ногинск,23,45,22,,
174,Одинцово,29,67,18,,
175,Клин,14,27,8,,
176,Реутов,178,183,52,,
177,Пушкино,23,53,10,,
178,Серпухов,26,64,7,,
179,Сергиев Посад,25,63,14,,
180,Электросталь,29,56,10,,
181,Дубна,22,63,5,,
182,Королёв,34,84,12,,
183,Краснознаменск,3,6,1,,
184,Чехов,11,23,3,,
185,Донецк,0,7,3,,
186,Лениногорск,5,14,3,,
187,Асбест,6,18,0,,
188,Маркс,0,3,0,,
189,Зеленоград,40,107,6,,
190,Ново-Переделкино,10,15,4,,
191,Царицыно,12,15,0,,
192,Гагарин,1,9,1,,
193,Ломоносов,2,25,2,,
194,Елабуга,18,26,4,,
195,Волжский,94,111,33,,
196,Железногорск,66,39,13,,
197,Усть-Илимск,1,9,2,,
198,Тулун,0,3,0,,
199,Артём,6,63,6,,
200,Лесосибирск,0,9,6,,
201,Киселёвск,1,4,9,,
202,Тобольск,13,116,23,,
203,Прокопьевск,9,16,28,,
204,Каменск-Уральский,14,36,10,,
205,Искитим,6,3,3,,
206,Кропоткин,1,20,8,,
207,Бугуруслан,1,9,5,,
208,Боровичи,3,8,5,,
209,Ишимбай,25,9,2,,
210,Белебей,3,9,1,,
211,Мелеуз,3,11,2,,
212,Первоуральск,47,32,14,,
213,Нижний Тагил,8,83,14,,
214,Новошахтинск,1,11,2,,
215,Октябрьский,58,94,38,,
216,Энгельс,13,48,6,,
217,Тейково,2,8,3,,
218,Сызрань,2,24,30,,
219,Старый Оскол,6,93,104,,
220,Батайск,3,45,11,,
221,Алексин,7,8,11,,
222,Заинск,2,23,8,,
223,Ейск,271,249,15,,
224,Ессентуки,15,54,15,,
225,Ефремов,9,15,8,,
226,Выкса,5,19,0,,
227,Всеволожск,30,46,9,,
228,Волхов,26,26,4,,
229,Зеленокумск,1,7,5,,
230,Балтийск,3,25,1,,
231,Усолье-Сибирское,3,12,2,,
232,Тында,4,18,3,,
233,Фокино,0,7,0,,
234,Амурск,1,14,4,,
235,Шелехов,5,7,4,,
236,Партизанск,1,1,2,,
237,Нерюнгри,3,25,12,,
238,Лесозаводск,0,4,2,,
239,Краснокаменск,1,8,5,,
240,Комсомольск-на-Амуре,6,131,32,,
241,Белогорск,1,23,6,,
242,Вилючинск,4,6,4,,
243,Корсаков,2,8,9,,
244,Нижнеудинск,0,2,0,,
245,Нефтеюганск,9,73,7,,
246,Назарово,0,2,2,,
247,Надым,10,29,8,,
248,Минусинск,3,10,2,,
249,Куйбышев,0,6,1,,
250,Заводоуковск,2,11,0,,
251,Заринск,23,10,2,,
252,Еманжелинск,1,0,0,,
253,Зеленогорск,12,31,1,,
254,Тавда,0,13,0,,
255,Шарыпово,1,4,0,,
256,Ноябрьск,38,23,3,,
257,Новый Уренгой,5,70,1,,
258,Камышлов,0,3,0,,
259,Ишим,1,13,5,,
260,Ирбит,2,17,3,,
261,Дудинка,4,15,2,,
262,Барабинск,0,2,0,,
263,Асино,1,1,2,,
264,Анжеро-Судженск,3,0,2,,
265,Алейск,1,6,0,,
266,Снежинск,10,29,12,,
267,Железногорск,66,39,13,,
268,Павлово,3,24,4,,
269,Кстово,62,41,6,,
270,Крымск,15,35,3,,
271,Красноармейск,4,3,2,,
272,Котлас,20,52,30,,
273,Бугульма,1,4,3,,
274,Будённовск,2,8,2,,
275,Борисоглебск,1,13,11,,
276,Гусев,3,7,0,,
277,Богородицк,2,9,1,,
278,Благовещенск,42,77,31,,
279,Бирск,2,4,3,,
280,Бежецк,12,16,4,,
281,Белорецк,9,17,2,,
282,Белореченск,2,11,1,,
283,Малоярославец,1,11,3,,
284,Малгобек,4,8,1,,
285,Городец,8,9,3,,
286,Георгиевск,3,28,7,,
287,Печоры,1,14,0,,
288,Нерехта,0,5,0,,
289,Нарьян-Мар,26,16,2,,
290,Новодвинск,20,22,4,,
291,Новоалександровск,0,2,2,,
292,Пушкин,26,107,4,,
293,Похвистнево,1,0,2,,
294,Острогожск,0,13,8,,
295,Сунжа,0,0,1,,
296,Ртищево,0,2,1,,
297,Ростов,9,27,1,,
298,Ревда,3,11,9,,
299,Луга,25,45,11,,
300,Ливны,10,40,2,,
301,Лиски,12,58,2,,
302,Сланцы,6,14,2,,
303,Мценск,3,9,7,,
304,Михайловка,7,84,8,,
305,Североморск,5,23,7,,
306,Сестрорецк,44,22,3,,
307,Сертолово,18,16,4,,
308,Троицк,29,101,25,,
309,Торжок,12,16,14,,
310,Тихорецк,1,11,0,,
311,Чапаевск,90,50,27,,
312,Светлоград,0,2,0,,
313,Касимов,1,9,6,,
314,Карабулак,0,0,1,,
315,Лабинск,2,9,2,,
316,Кувандык,0,3,3,,
317,Кушва,7,5,7,,
318,Кумертау,1,15,1,,
319,Шуя,2,9,4,,
320,Аргун,0,0,0,,
321,Апшеронск,2,55,10,,
322,Апатиты,13,53,3,,
323,Узловая,6,2,0,,
324,Туапсе,8,43,1,,
325,Киржач,13,30,4,,
326,Кириши,45,24,4,,
327,Киреевка,1,0,0,,
328,Кингисепп,6,27,7,,
329,Кимры,1,16,8,,
330,Хадыженск,0,15,3,,
331,Анапа,32,134,12,,
332,Альметьевск,25,80,6,,
333,Александров,6,10,9,,
334,Агрыз,1,11,0,,
335,Адлер,57,184,3,,
336,Нефтекумск,0,4,2,,
337,Когалым,9,14,1,,
338,Удачный,0,4,7,,
339,Мирный,12,66,8,,
340,Николаевск-на-Амуре,0,1,0,,
341,Мегион,1,11,0,,
342,Верхняя Салда,2,12,1,,
343,Пышма,3,2,0,,
344,Бор,6,83,31,,
345,Гудермес,2,10,4,,
346,Белая Холуница,4,7,9,,
347,Советск,3,25,4,,
348,Мончегорск,17,45,4,,
349,Кандалакша,9,19,21,,
350,Канаш,39,54,2,,
351,Шумерля,2,15,1,,
352,Баксан,0,5,0,,
353,Кировск,10,34,1,,
354,Радужный,3,17,1,,
355,Усинск,2,7,4,,
356,Краснокамск,5,18,27,,
357,Губаха,5,16,3,,
358,Беслан,0,1,0,,
359,Печора,11,44,24,,
360,Моздок,0,7,0,,
361,Чусовой,1,17,1,,
362,Чайковский,4,43,6,,
363,Каспийск,3,25,6,,
364,Калач-на-Дону,3,2,4,,
365,Щёлково,45,71,6,,
366,Хасавюрт,0,13,2,,
367,Егорьевск,9,28,4,,
368,Жуковский,47,79,26,,
369,Железнодорожный,75,127,24,,
370,Красноармейск,4,3,2,,
371,Подольск,153,148,31,,
372,Наро-Фоминск,10,40,5,,
373,Протвино,3,13,2,,
374,Климовск,14,39,2,,
375,Раменское,28,47,10,,
376,Лыткарино,35,17,3,,
377,Луховицы,6,10,3,,
378,Солнечногорск,67,50,6,,
379,Можайск,6,35,5,,
380,Домодедово,60,105,23,,
381,Дмитров,12,35,20,,
382,Дедовск,9,12,1,,
383,Ступино,25,25,2,,
384,Кашира,1,17,5,,
385,Юбилейный,6,38,12,,
386,Кунгур,3,15,3,,
387,Шатура,4,13,3,,
388,Тара,2,5,0,,
389,Котовск,15,14,2,,
390,Галич,3,7,5,,
391,Кирс,2,11,1,,
392,Володарск,1,5,0,,
393,Бобров,0,2,2,,
394,Скопин,2,7,0,,
395,Лермонтов,1,1,0,,
396,Чертаново Второе,0,0,0,,
397,Орехово-Борисово,0,0,0,,
398,Выхино-Жулебино,0,0,0,,
399,Зюзино,0,2,0,,
400,Жулебино,0,0,0,,
401,Черемхово,1,2,1,,
402,Хабаровск Второй,0,0,0,,
403,Полевской,3,17,7,,
404,Красная Пресня,0,0,0,,
405,Гуково,4,14,0,,
406,Бирюлёво,0,0,0,,
407,Бибирево,0,0,0,,
408,Марьино,2,2,0,,
409,Гольяново,0,0,0,,
410,Рязанский,0,0,0,,
411,Очаково-Матвеевское,0,0,0,,
412,Новые Черёмушки,0,0,0,,
413,Раменки,1,0,0,,
414,Люблино,0,0,0,,
415,Солнцево,0,0,0,,
416,Северный,19,37,8,,
417,Тимашёвск,2,29,2,,
418,Таганский,0,0,0,,
419,Строгино,0,0,0,,
420,Кузьминки,0,1,0,,
421,Щукино,0,0,0,,
422,Туран,0,4,0,,
423,Васильевский остров,45,379,70,,
424,Вичуга,0,5,3,,
425,Вешняки,1,3,0,,
426,Венёв,0,9,0,,
427,Великий Устюг,11,8,0,,
428,Заречный,5,35,10,,
429,Задонск,0,2,1,,
430,Ершов,1,1,1,,
431,Ярцево,3,17,2,,
432,Яблоновский,5,16,1,,
433,Вытегра,2,6,2,,
434,Вышний Волочёк,10,29,4,,
435,Вырица,6,15,1,,
436,Вязники,3,14,8,,
437,Вязьма,1,13,5,,
438,Вятские Поляны,4,27,3,,
439,Волжск,0,12,1,,
440,Вольск,2,1,10,,
441,Волосово,0,2,0,,
442,Сасово,1,10,0,,
443,Зверево,0,3,1,,
444,Жигулевск,0,0,0,,
445,Зерноград,0,1,3,,
446,Зеленогорск,12,31,1,,
447,Заволжск,1,2,5,,
448,Зима,0,2,0,,
449,Зея,5,6,3,,
450,Завитинск,0,0,2,,
451,Усть-Кут,2,10,2,,
452,Свободный,3,18,5,,
453,Свирск,0,1,1,,
454,Арсеньев,3,11,7,,
455,Сковородино,0,1,2,,
456,Шимановск,0,1,0,,
457,Райчихинск,0,2,4,,
458,Могоча,0,1,0,,
459,Магдагачи,4,5,3,,
460,Киренск,0,4,2,,
461,Хилок,0,1,0,,
462,Кавалерово,1,2,0,,
463,Дальнереченск,0,6,3,,
464,Борзя,1,1,0,,
465,Бикин,0,0,2,,
466,Елизово,0,12,4,,
467,Ванино,2,8,5,,
468,Сусуман,0,0,1,,
469,Советская Гавань,5,12,4,,
470,Холмск,33,22,1,,
471,Новоалтайск,24,20,1,,
472,Называевск,0,0,0,,
473,Мыски,6,6,3,,
474,Мариинск,1,3,3,,
475,Куртамыш,1,0,0,,
476,Краснотурьинск,4,21,6,,
477,Копейск,5,20,5,,
478,Колпашево,0,1,2,,
479,Кировград,1,8,0,,
480,Кайеркан,0,1,3,,
481,Касли,2,8,0,,
482,Карталы,0,6,1,,
483,Карпинск,12,3,1,,
484,Юрга,14,21,7,,
485,Енисейск,0,0,0,,
486,Ужур,0,1,0,,
487,Туринск,2,1,2,,
488,Топки,2,3,3,,
489,Тайшет,3,16,2,,
490,Татарск,2,6,3,,
491,Талнах,2,10,1,,
492,Талица,1,1,5,,
493,Стрежевой,2,6,1,,
494,Среднеуральск,0,7,1,,
495,Сосновоборск,1,1,1,,
496,Славгород,1,4,1,,
497,Шумиха,0,1,0,,
498,Полысаево,5,3,0,,
499,Осинники,0,1,0,,
500,Карасук,1,4,2,,
501,Калтан,0,0,2,,
502,Калачинск,1,1,0,,
503,Дивногорск,0,2,1,,
504,Далматово,0,4,0,,
505,Черногорск,3,17,1,,
506,Боготол,0,0,0,,
507,Богданович,5,12,14,,
508,Берёзовский,20,26,5,,
509,Белокуриха,6,14,3,,
510,Артёмовский,0,4,2,,
511,Арамиль,3,6,2,,
512,Алапаевск,1,24,11,,
513,Академгородок,9,3,5,,
514,Озёрск,14,17,2,,
515,Новоуральск,10,22,8,,
516,Знаменск,0,7,9,,
517,Кулебаки,0,11,7,,
518,Кронштадт,7,63,4,,
519,Красноуфимск,2,15,3,,
520,Краснослободск,2,2,8,,
521,Ковылкино,1,7,4,,
522,Котово,0,1,10,,
523,Буинск,0,6,0,,
524,Братеево,0,0,0,,
525,Ивановское,0,1,0,,
526,Ипатово,0,3,0,,
527,Гусь-Хрустальный,7,14,7,,
528,Грязи,11,17,4,,
529,Болхов,0,2,11,,
530,Богородское,1,3,4,,
531,Благодарный,1,5,1,,
532,Белозёрск,0,0,0,,
533,Меленки,17,10,1,,
534,Медногорск,0,1,1,,
535,Мантурово,1,5,2,,
536,Горячий Ключ,9,22,2,,
537,Гороховец,2,9,5,,
538,Гай,0,5,2,,
539,Фурманов,0,4,0,,
540,Фролово,1,14,4,,
541,Петушки,1,10,5,,
542,Петровск,0,5,1,,
543,Petrodvorets,0,0,0,,
544,Пестово,6,2,3,,
545,Павловск,2,40,7,,
546,Нолинск,0,3,0,,
547,Николаевск,1,7,1,,
548,Нелидово,0,6,5,,
549,Нурлат,12,7,3,,
550,Новые Кузьминки,0,0,0,,
551,Новозыбков,4,10,2,,
552,Нововоронеж,2,16,14,,
553,Новоузенск,0,0,3,,
554,Новокубанск,2,5,5,,
555,Новогиреево,0,0,0,,
556,Пугачев,0,0,0,,
557,Прохоровка,0,0,1,,
558,Приволжск,0,7,1,,
559,Приозерск,2,15,1,,
560,Поворино,1,2,1,,
561,Порхов,2,6,7,,
562,Покров,10,20,2,,
563,Палласовка,0,7,1,,
564,Озерки,1,2,5,,
565,Отрадный,3,4,1,,
566,Омутнинск,0,4,3,,
567,Окуловка,1,2,6,,
568,Октябрьск,2,0,2,,
569,Коряжма,0,6,0,,
570,Кондрово,1,5,2,,
571,Конаково,2,20,1,,
572,Коммунар,2,16,1,,
573,Кольчугино,4,14,17,,
574,Кохма,0,3,0,,
575,Рузаевка,0,9,7,,
576,Россошь,6,66,44,,
577,Рославль,0,7,4,,
578,Родники,3,6,2,,
579,Рассказово,2,13,11,,
580,Лианозово,0,0,0,,
581,Старая Русса,37,46,2,,
582,Советск,3,25,4,,
583,Сосновый Бор,42,50,12,,
584,Сосновка,3,18,5,,
585,Сокол,3,7,7,,
586,Собинка,0,5,0,,
587,Слободской,0,7,1,,
588,Можга,4,8,3,,
589,Моршанск,2,5,1,,
590,Морозовск,3,6,0,,
591,Североуральск,0,8,1,,
592,Сердобск,2,7,2,,
593,Семилуки,4,12,3,,
594,Сатка,3,3,6,,
595,Самашки,0,0,0,,
596,Сальск,0,10,2,,
597,Дюртюли,2,3,2,,
598,Дубовка,3,4,2,,
599,Дорогобуж,0,0,0,,
600,Десногорск,8,22,3,,
601,Тосно,2,9,0,,
602,Торопец,3,3,0,,
603,Таруса,3,8,2,,
604,Данков,0,3,3,,
605,Чудово,1,4,2,,
606,Чистополь,14,25,4,,
607,Черняховск,2,7,3,,
608,Черёмушки,6,9,6,,
609,Бутурлиновка,0,3,8,,
610,Агидель,0,4,0,,
611,Светогорск,5,11,1,,
612,Суздаль,9,42,3,,
613,Суровикино,0,1,0,,
614,Сухиничи,0,3,0,,
615,Судогда,6,2,1,,
616,Струнино,0,5,1,,
617,Кашин,0,6,2,,
618,Карабаново,6,2,4,,
619,Каменск,0,0,0,,
620,Камбарка,0,5,1,,
621,Калининск,1,0,7,,
622,Качканар,0,5,1,,
623,Ленинск,0,2,2,,
624,Лазаревское,4,156,9,,
625,Лакинск,0,13,0,,
626,Курганинск,1,13,21,,
627,Сибай,9,49,8,,
628,Михайловск,1,5,1,,
629,Шебекино,4,14,3,,
630,Щигры,1,1,0,,
631,Щёкино,7,20,7,,
632,Балахна,11,23,23,,
633,Бакал,0,1,2,,
634,Бабаево,1,8,1,,
635,Аткарск,0,1,1,,
636,Аркадак,0,0,0,,
637,Валуйки,4,7,3,,
638,Валдай,3,11,2,,
639,Устюжна,0,2,3,,
640,Урюпинск,6,4,7,,
641,Унеча,1,6,4,,
642,Углич,4,16,3,,
643,Туймазы,0,1,4,,
644,Тутаев,2,4,1,,
645,Кирсанов,0,3,4,,
646,Кировск,10,34,1,,
647,Киров,90,175,28,,
648,Михайловка,7,84,8,,
649,Хвалынск,3,7,0,,
650,Харовск,1,0,7,,
651,Харабали,0,1,0,,
652,Александровское,0,16,9,,
653,Ахтубинск,6,18,10,,
654,Абинск,1,14,5,,
655,Абдулино,0,0,0,,
656,Красная Глинка,2,1,0,,
657,Александровск,0,3,0,,
658,Восточное Дегунино,0,0,0,,
659,Верхняя Тура,1,0,5,,
660,Велиж,0,2,0,,
661,Высоцк,1,1,0,,
662,Ворсма,1,1,0,,
663,Звенигово,0,1,0,,
664,Зубцов,4,4,3,,
665,Злынка,0,5,3,,
666,Заволжье,2,9,1,,
667,Мамоново,1,1,0,,
668,Закаменск,0,0,2,,
669,Тура,0,0,2,,
670,Спасск-Дальний,0,2,6,,
671,Нерчинск,0,1,0,,
672,Ленск,1,3,1,,
673,Углегорск,0,0,0,,
674,Певек,0,1,1,,
675,Охотск,1,0,0,,
676,Долинск,4,15,4,,
677,Билибино,3,4,0,,
678,Лабытнанги,3,8,1,,
679,Коркино,0,12,2,,
680,Кодинск,1,4,2,,
681,Змеиногорск,2,5,1,,
682,Саяногорск,2,4,0,,
683,Карабаш,1,5,2,,
684,Камень-на-Оби,5,10,6,,
685,Бородино,5,8,1,,
686,Ак-Довурак,0,1,1,,
687,Абаза,3,2,2,,
688,Муравленко,0,4,0,,
689,Краснослободск,2,2,8,,
690,Боровск,1,8,1,,
691,Ивангород,2,7,0,,
692,Гвардейск,6,16,3,,
693,Бокситогорск,1,2,1,,
694,Богородск,12,4,0,,
695,Белинский,0,3,4,,
696,Белая Калитва,38,19,1,,
697,Мамадыш,1,0,0,,
698,Гойты,0,0,0,,
699,Городовиковск,0,0,0,,
700,Горбатов,1,0,0,,
701,Починок,0,1,2,,
702,Плавское,0,0,0,,
703,Петров Вал,0,2,1,,
704,Переславль-Залесский,46,35,6,,
705,Павловск,2,40,7,,
706,Нижняя Тура,1,1,10,,
707,Нижние Серги,0,0,0,,
708,Неман,1,2,1,,
709,Нарткала,0,10,2,,
710,Нариманов,0,0,0,,
711,Новоржев,0,4,4,,
712,Новопавловск,0,4,0,,
713,Ойсхара,0,1,0,,
714,Прохладный,11,10,2,,
715,Приморско-Ахтарск,0,38,1,,
716,Приморск,0,5,1,,
717,Остров,22,22,2,,
718,Осташков,14,29,8,,
719,Орехово-Борисово Северное,0,0,0,,
720,Кореновск,3,7,1,,
721,Кораблино,0,1,0,,
722,Константиновск,0,0,1,,
723,Кола,2,8,4,,
724,Ряжск,0,3,1,,
725,Пыталово,0,2,0,,
726,Пустошка,0,4,2,,
727,Лысково,0,11,0,,
728,Лодейное Поле,5,17,2,,
729,Старица,6,8,10,,
730,Соль-Илецк,0,12,2,,
731,Солигалич,0,4,0,,
732,Славянск-на-Кубани,0,18,16,,
733,Мышкин,3,4,1,,
734,Миллерово,2,17,5,,
735,Мещовск,0,0,0,,
736,Мензелинск,4,17,4,,
737,Серноводское,0,0,0,,
738,Серафимович,0,0,0,,
739,Сафоново,1,11,13,,
740,Духовщина,0,0,1,,
741,Давлеканово,1,8,0,,
742,Темников,0,1,0,,
743,Данилов,1,4,7,,
744,Каменногорск,0,2,1,,
745,Изобильный,0,3,7,,
746,Лаишево,2,0,0,,
747,Курчалой,0,0,0,,
748,Шлиссельбург,3,12,3,,
749,Шенкурск,0,4,5,,
750,Шали,0,2,0,,
751,Бачи-Юрт,0,0,0,,
752,Автово,0,0,0,,
753,Ассиновская,0,0,0,,
754,Арск,1,8,1,,
755,Ардатов,0,4,2,,
756,Тырныауз,0,7,2,,
757,Холм,1,1,0,,
758,Циолковский,2,6,2,,
759,Зеленоградск,20,54,0,,
760,Вилюйск,0,0,0,,
761,Бабушкин,0,3,0,,
762,Алдан,2,15,6,,
763,Северобайкальск,2,24,0,,
764,Покровск,0,0,0,,
765,Петровск-Забайкальский,2,1,0,,
766,Среднеколымск,0,0,0,,
767,Урай,0,6,1,,
768,Тарко-Сале,0,6,2,,
769,Нягань,3,42,2,,
770,Ковдор,5,15,3,,
771,Островной,0,1,1,,
772,имени Морозова,0,0,0,,
773,Гаджиево,2,6,5,,
774,Оленегорск,0,10,4,,
775,Цоцин-Юрт,0,0,0,,
776,Мескер-Юрт,0,1,0,,
777,Светлогорск,16,43,0,,
778,Старые Атаги,0,0,0,,
779,Катав-Ивановск,0,0,0,,
780,Карачаевск,0,13,5,,
781,Багратионовск,0,0,0,,
782,Ардон,0,1,0,,
783,Усть-Джегута,0,1,3,,
784,Урус-Мартан,0,0,0,,
785,Снежногорск,4,13,2,,
786,Лесной,18,7,6,,
787,Руза,4,11,3,,
788,Улан-Удэ,22,73,10,,
789,Южно-Сухокумск,0,0,0,,
790,Вуктыл,1,3,1,,
791,Инта,0,14,7,,
792,Кудымкар,0,2,1,,
793,Кубинка,38,9,3,,
794,Избербаш,1,11,1,,
795,Ивантеевка,8,18,2,,
796,Фрязино,2,25,4,,
797,Оса,2,6,3,,
798,Лысьва,3,15,6,,
799,Лобня,38,34,8,,
800,Сосногорск,3,8,2,,
801,Эжва,0,0,0,,
802,Долгопрудный,34,78,31,,
803,Добрянка,0,1,0,,
804,Дагестанские Огни,0,7,3,,
805,Чернушка,1,9,1,,
806,Буйнакск,4,3,4,,
807,Измайлово,0,0,0,,
808,Барыш,0,0,0,,
809,Кизляр,1,24,3,,
810,Кизел,0,4,2,,
811,Ахты,2,1,0,,
812,Алагир,0,4,0,,
813,Видное,44,22,10,,
814,Высоковск,0,2,0,,
815,Волоколамск,1,12,8,,
816,Звенигород,6,25,5,,
817,Красный Строитель,0,0,0,,
818,Краснозаводск,0,2,2,,
819,Бронницы,4,9,1,,
820,Истра,16,55,3,,
821,Инза,0,2,0,,
822,Беломорск,0,4,3,,
823,Горнозаводск,0,1,4,,
824,Голицыно,2,10,5,,
825,Фрязево,0,2,0,,
826,Фили,0,0,0,,
827,Павловский Посад,8,14,2,,
828,Пущино,33,8,1,,
829,Пудож,2,9,0,,
830,Озёры,2,9,4,,
831,Олонец,2,9,1,,
832,Костомукша,2,19,9,,
833,Кондопога,1,7,1,,
834,Roshal’,0,0,0,,
835,Ликино-Дулево,0,0,0,,
836,Сортавала,9,24,4,,
837,Электроугли,15,20,2,,
838,Электрогорск,10,12,2,,
839,Дрезна,8,0,0,,
840,Томилино,17,8,1,,
841,Талдом,0,1,0,,
842,Черноголовка,13,4,1,,
843,Куровское,3,7,1,,
844,Апрелевка,4,15,1,,
845,Хорошёво,0,0,0,,
846,Пересвет,0,5,1,,
847,Медвежьегорск,4,12,1,,
848,Сегежа,2,17,3,,
849,Суоярви,1,3,1,,
850,Орлов,1,6,12,,
851,Шацк,0,5,2,,
852,Ясенево,0,0,0,,
853,Ярославский,0,0,2,,
854,Останкинский,0,0,0,,
855,Тропарёво,0,1,1,,
856,Лефортово,0,0,0,,
857,Бабушкин,0,3,0,,
858,Пласт,0,1,1,,
859,Берлин,0,0,0,,
860,Калининский,0,0,0,,
861,Нововладыкино,0,0,0,,
862,Верхнеднепровский,6,5,9,,
863,Васюринская,0,0,9,,
864,Варениковская,1,8,0,,
865,Елизаветинская,0,5,0,,
866,Ясенская,2,4,0,,
867,Янаул,0,3,0,,
868,Алтуфьевский,0,0,0,,
869,Сосновка,3,18,5,,
870,Зуевка,0,1,0,,
871,Жуковка,8,23,7,,
872,Жирновск,2,1,0,,
873,Жердевка,0,2,2,,
874,Земетчино,2,2,0,,
875,Железногорск-Илимский,0,7,1,,
876,Слюдянка,1,8,4,,
877,Нов.Игирма,0,0,0,,
878,Марково,0,0,1,,
879,Куйтун,0,0,0,,
880,Чегдомын,0,6,3,,
881,Бодайбо,0,7,6,,
882,Шахтерск,0,0,0,,
883,Оха,3,6,2,,
884,Ноглики,1,5,2,,
885,Макаров,0,0,1,,
886,Саянск,0,0,3,,
887,Маркова,1,0,3,,
888,Невьянск,5,7,4,,
889,Муромцево,0,3,1,,
890,Мошково,0,2,1,,
891,Михайловское,0,1,6,,
892,Маслянино,1,4,2,,
893,Любинский,0,0,2,,
894,Линёво,6,5,3,,
895,Кыштым,2,17,12,,
896,Краснозерское,0,0,0,,
897,Красноуральск,1,9,2,,
898,Краснообск,4,3,2,,
899,Катайск,0,3,1,,
900,Заречный,5,35,10,,
901,Ялуторовск,2,3,2,,
902,Тюкалинск,0,6,0,,
903,Тяжинский,0,0,0,,
904,Троицкий,2,3,4,,
905,Тогучин,0,2,0,,
906,Сухой Лог,0,22,6,,
907,Шиткино,0,0,0,,
908,Селезян,0,0,0,,
909,Рудничный,0,2,1,,
910,Реж,1,15,6,,
911,Пышма,3,2,0,,
912,Павлоградка,0,2,0,,
913,Ордынское,0,0,0,,
914,Обь,2,21,1,,
915,Иланский,0,1,2,,
916,Дегтярск,6,2,0,,
917,Чунский,0,0,0,,
918,Чулым,0,1,0,,
919,Черлак,0,0,0,,
920,Буланаш,0,1,7,,
921,Болотное,0,3,2,,
922,Берёзовский,20,26,5,,
923,Берёзовка,8,11,7,,
924,Алтайское,1,3,1,,
925,Сибирский,5,1,2,,
926,Дагомыс,4,32,0,,
927,Заречный,5,35,10,,
928,Кудрово,13,67,8,,
929,Кудепста,0,0,0,,
930,Крестцы,1,3,1,,
931,Красный Кут,0,2,3,,
932,Полтавская,6,12,0,,
933,Котельниково,0,3,1,,
934,Борисовка,0,3,4,,
935,Ис,0,2,2,,
936,Инжавино,0,1,1,,
937,Иловля,0,3,2,,
938,Гулькевичи,0,14,1,,
939,Болохово,1,0,0,,
940,Медведовская,1,4,0,,
941,Майский,13,9,4,,
942,Горный,8,4,1,,
943,Глубокий,1,7,1,,
944,Петровский,0,1,5,,
945,Петровская,0,1,4,,
946,Первомайский,28,34,16,,
947,Павловская,0,0,0,,
948,Никулино,2,0,1,,
949,Наволоки,0,2,0,,
950,Навля,0,2,1,,
951,Новотитаровская,0,13,1,,
952,Новосергиевка,0,0,0,,
953,Новоминская,3,1,6,,
954,Новомихайловский,3,13,0,,
955,Новомалороссийская,0,0,0,,
956,Новоховрино,0,0,0,,
957,Новоджерелиевская,0,0,0,,
958,Новоаннинский,3,3,1,,
959,Псебай,0,3,5,,
960,Прочноокопская,0,0,4,,
961,Приволжский,2,6,1,,
962,Приморка,0,0,0,,
963,Котловка,0,0,0,,
964,Аннино,0,0,0,,
965,Покровское-Стрешнёво,0,0,0,,
966,Пашковский,4,29,3,,
967,Парголово,32,75,9,,
968,Орловский,0,0,0,,
969,Котельнич,0,10,6,,
970,Корнеево,0,0,0,,
971,Рыбацкое,0,0,0,,
972,Раевка,0,0,0,,
973,Лянгасово,0,0,2,,
974,Лиховской,0,5,2,,
975,Летник,0,0,1,,
976,Старонижестеблиевская,0,5,0,,
977,Старомышастовская,1,2,2,,
978,Староминская,0,4,0,,
979,Старолеушковская,0,0,0,,
980,Старокорсунская,0,1,1,,
981,Стародеревянковская,1,7,0,,
982,Советское,0,1,0,,
983,Советская,1,3,2,,
984,Сосновоборск,1,1,1,,
985,Сосновка,3,18,5,,
986,Сосенский,1,3,2,,
987,Сорочинск,0,2,1,,
988,Сольцы,3,2,2,,
989,Соколовый,0,0,0,,
990,Сокольники,5,4,2,,
991,Сокол,3,7,7,,
992,Мостовской,2,21,14,,
993,Михайловск,1,5,1,,
994,Металлострой,0,7,0,,
995,Самойловка,0,0,0,,
996,Самарское,0,5,1,,
997,Джигинка,0,1,0,,
998,Донской,25,8,3,,
999,Донской,25,8,3,,
